{"count":153246.0,"mean":2544.6900016966,"std":1409.0279895024,"min":100.0,"25%":1308.25,"50%":2541.0,"75%":3765.0,"max":4993.0}