{"count":500.0,"mean":485362161.3500000238,"std":293840310.6902586222,"min":3513122.0,"25%":242069225.25,"50%":478191666.5,"75%":744137343.0,"max":999185456.0}