{"count":3126.0,"mean":505638.8816378759,"std":287857.8417344007,"min":1943.0,"25%":253769.5,"50%":512621.5,"75%":750088.75,"max":999764.0}