{"count":999.0,"mean":49745.1841841842,"std":28922.0833611621,"min":177.0,"25%":25012.5,"50%":49860.0,"75%":75791.5,"max":99895.0}