{"sum": 259882.0, "avr": 536.9462809917355, "sumMD": 12118.0, "avrMD": 550.8181818181819, "sumSD": 11419.0, "avrSD": 519.0454545454545, "max": 997.0, "min": 107.0}